,stage,type,time
0,none->join,leader,0.00026862999999999995
1,join->init,leader,2.4619999999999998e-05
2,init->quorum,leader,0.254962
3,quorum->run,leader,7.97846
4,run->cleanup,leader,243.759
5,cleanup->shutdown,leader,0.243242
6,shutdown->finalize,leader,0.0661654
7,goodbye->exit,leader,2.101e-05
8,none->join,leader,0.00026719
9,join->init,leader,2.5739999999999998e-05
10,init->quorum,leader,0.268467
11,quorum->run,leader,6.16135
12,run->cleanup,leader,245.0064
13,cleanup->shutdown,leader,0.247177
14,shutdown->finalize,leader,0.06856759999999999
15,goodbye->exit,leader,2.245e-05
16,none->join,leader,0.00026258
17,join->init,leader,2.6620000000000003e-05
18,init->quorum,leader,0.27629
19,quorum->run,leader,31.3364
20,run->cleanup,leader,243.9966
21,cleanup->shutdown,leader,0.246521
22,shutdown->finalize,leader,0.06718099999999999
23,goodbye->exit,leader,2.178e-05
24,none->join,leader,0.00025744
25,join->init,leader,2.6090999999999998e-05
26,init->quorum,leader,0.277176
27,quorum->run,leader,4.54694
28,run->cleanup,leader,236.92260000000002
29,cleanup->shutdown,leader,0.250426
30,shutdown->finalize,leader,0.0663644
31,goodbye->exit,leader,2.2249e-05
32,none->join,leader,0.00028024
33,join->init,leader,2.357e-05
34,init->quorum,leader,0.264371
35,quorum->run,leader,11.0447
36,run->cleanup,leader,243.80880000000002
37,cleanup->shutdown,leader,0.245091
38,shutdown->finalize,leader,0.0650953
39,goodbye->exit,leader,2.2859999999999998e-05
40,none->join,leader,0.00025445000000000003
41,join->init,leader,2.282e-05
42,init->quorum,leader,0.259778
43,quorum->run,leader,10.0284
44,run->cleanup,leader,234.297
45,cleanup->shutdown,leader,0.248848
46,shutdown->finalize,leader,0.06573040000000001
47,goodbye->exit,leader,2.162e-05
48,none->join,leader,0.00026984000000000003
49,join->init,leader,2.559e-05
50,init->quorum,leader,0.273567
51,quorum->run,leader,11.8585
52,run->cleanup,leader,245.54819999999998
53,cleanup->shutdown,leader,0.246248
54,shutdown->finalize,leader,0.06769199999999999
55,goodbye->exit,leader,3.514e-05
56,none->join,leader,0.00029129
57,join->init,leader,2.37e-05
58,init->quorum,leader,0.27027
59,quorum->run,leader,8.34414
60,run->cleanup,leader,241.28880000000004
61,cleanup->shutdown,leader,0.246569
62,shutdown->finalize,leader,0.0644404
63,goodbye->exit,leader,2.122e-05
64,none->join,leader,0.00025486
65,join->init,leader,2.3789999999999998e-05
66,init->quorum,leader,0.263329
67,quorum->run,leader,11.0022
68,run->cleanup,leader,245.04180000000002
69,cleanup->shutdown,leader,0.24536
70,shutdown->finalize,leader,0.0651327
71,goodbye->exit,leader,2.5280000000000002e-05
72,none->join,leader,0.00026199
73,join->init,leader,2.415e-05
74,init->quorum,leader,0.259884
75,quorum->run,leader,9.34105
76,run->cleanup,leader,239.88000000000002
77,cleanup->shutdown,leader,0.24334
78,shutdown->finalize,leader,0.0656702
79,goodbye->exit,leader,2.1000000000000002e-05
80,none->join,leader,0.00025316
81,join->init,leader,2.472e-05
82,init->quorum,leader,0.268634
83,quorum->run,leader,7.28788
84,run->cleanup,leader,245.0436
85,cleanup->shutdown,leader,0.244521
86,shutdown->finalize,leader,0.0667042
87,goodbye->exit,leader,2.5260000000000002e-05
88,none->join,leader,0.00025596999999999995
89,join->init,leader,2.316e-05
90,init->quorum,leader,0.255746
91,quorum->run,leader,2.84321
92,run->cleanup,leader,240.36659999999998
93,cleanup->shutdown,leader,0.243399
94,shutdown->finalize,leader,0.06425149999999999
95,goodbye->exit,leader,2.0340000000000002e-05
96,none->join,leader,0.00026356000000000003
97,join->init,leader,2.832e-05
98,init->quorum,leader,0.27094
99,quorum->run,leader,11.0191
100,run->cleanup,leader,235.8372
101,cleanup->shutdown,leader,0.25446
102,shutdown->finalize,leader,0.0670415
103,goodbye->exit,leader,2.213e-05
104,none->join,leader,0.00026277099999999997
105,join->init,leader,2.578e-05
106,init->quorum,leader,0.281323
107,quorum->run,leader,3.97413
108,run->cleanup,leader,237.66359999999997
109,cleanup->shutdown,leader,0.24659
110,shutdown->finalize,leader,0.0662468
111,goodbye->exit,leader,2.784e-05
112,none->join,leader,0.00026676
113,join->init,leader,2.4e-05
114,init->quorum,leader,0.261885
115,quorum->run,leader,6.34652
116,run->cleanup,leader,242.7972
117,cleanup->shutdown,leader,0.243359
118,shutdown->finalize,leader,0.0669645
119,goodbye->exit,leader,2.088e-05
120,none->join,leader,0.00025425999999999997
121,join->init,leader,2.279e-05
122,init->quorum,leader,0.255131
123,quorum->run,leader,9.11897
124,run->cleanup,leader,244.69079999999997
125,cleanup->shutdown,leader,0.242283
126,shutdown->finalize,leader,0.06597700000000001
127,goodbye->exit,leader,2.0549999999999998e-05
128,none->join,leader,0.00027937000000000003
129,join->init,leader,2.3650000000000002e-05
130,init->quorum,leader,0.262879
131,quorum->run,leader,7.79707
132,run->cleanup,leader,245.95319999999998
133,cleanup->shutdown,leader,0.244944
134,shutdown->finalize,leader,0.0703094
135,goodbye->exit,leader,3.018e-05
136,none->join,leader,0.00025247000000000003
137,join->init,leader,2.377e-05
138,init->quorum,leader,0.269756
139,quorum->run,leader,8.8749
140,run->cleanup,leader,241.9416
141,cleanup->shutdown,leader,0.248626
142,shutdown->finalize,leader,0.0666808
143,goodbye->exit,leader,2.1020000000000002e-05
144,none->join,leader,0.00027424999999999997
145,join->init,leader,2.408e-05
146,init->quorum,leader,0.268124
147,quorum->run,leader,32.0398
148,run->cleanup,leader,242.10000000000002
149,cleanup->shutdown,leader,0.241464
150,shutdown->finalize,leader,0.0683784
151,goodbye->exit,leader,2.198e-05
152,none->join,leader,0.000252739
153,join->init,leader,2.3889e-05
154,init->quorum,leader,0.257418
155,quorum->run,leader,6.26561
156,run->cleanup,leader,245.12159999999997
157,cleanup->shutdown,leader,0.244735
158,shutdown->finalize,leader,0.06581010000000001
159,goodbye->exit,leader,2.161e-05
160,none->join,leader,0.00027964
161,join->init,leader,2.429e-05
162,init->quorum,leader,0.272367
163,quorum->run,leader,6.10747
164,run->cleanup,leader,244.13639999999998
165,cleanup->shutdown,leader,0.245178
166,shutdown->finalize,leader,0.065525
167,goodbye->exit,leader,2.1360000000000002e-05
168,none->join,leader,0.00024696
169,join->init,leader,2.4410000000000002e-05
170,init->quorum,leader,0.26719
171,quorum->run,leader,12.1127
172,run->cleanup,leader,236.85660000000001
173,cleanup->shutdown,leader,0.250244
174,shutdown->finalize,leader,0.0651103
175,goodbye->exit,leader,2.598e-05
176,none->join,leader,0.00025823
177,join->init,leader,2.3199999999999998e-05
178,init->quorum,leader,0.262676
179,quorum->run,leader,30.3661
180,run->cleanup,leader,243.07800000000003
181,cleanup->shutdown,leader,0.242513
182,shutdown->finalize,leader,0.06621880000000001
183,goodbye->exit,leader,2.5589000000000002e-05
184,none->join,leader,0.00025595
185,join->init,leader,2.29e-05
186,init->quorum,leader,0.264768
187,quorum->run,leader,7.00322
188,run->cleanup,leader,243.7512
189,cleanup->shutdown,leader,0.246858
190,shutdown->finalize,leader,0.07223
191,goodbye->exit,leader,2.123e-05
192,none->join,leader,0.0002544
193,join->init,leader,2.664e-05
194,init->quorum,leader,0.264996
195,quorum->run,leader,10.7483
196,run->cleanup,leader,245.937
197,cleanup->shutdown,leader,0.245141
198,shutdown->finalize,leader,0.0663036
199,goodbye->exit,leader,2.121e-05
200,none->join,leader,0.00029044
201,join->init,leader,2.407e-05
202,init->quorum,leader,0.281731
203,quorum->run,leader,6.38786
204,run->cleanup,leader,251.9922
205,cleanup->shutdown,leader,0.251557
206,shutdown->finalize,leader,0.066151
207,goodbye->exit,leader,2.7300000000000003e-05
208,none->join,leader,0.00026511
209,join->init,leader,2.298e-05
210,init->quorum,leader,0.25939
211,quorum->run,leader,8.73119
212,run->cleanup,leader,241.6878
213,cleanup->shutdown,leader,0.243614
214,shutdown->finalize,leader,0.06862520000000001
215,goodbye->exit,leader,2.1360000000000002e-05
216,none->join,leader,0.00028784
217,join->init,leader,2.553e-05
218,init->quorum,leader,0.278931
219,quorum->run,leader,8.01694
220,run->cleanup,leader,230.7132
221,cleanup->shutdown,leader,0.245084
222,shutdown->finalize,leader,0.064981
223,goodbye->exit,leader,2.1769e-05
224,none->join,leader,0.00024775
225,join->init,leader,2.3460000000000002e-05
226,init->quorum,leader,0.258144
227,quorum->run,leader,5.03506
228,run->cleanup,leader,240.864
229,cleanup->shutdown,leader,0.242275
230,shutdown->finalize,leader,0.0650877
231,goodbye->exit,leader,2.541e-05
232,none->join,leader,0.00025219
233,join->init,leader,2.466e-05
234,init->quorum,leader,0.263638
235,quorum->run,leader,3.86533
236,run->cleanup,leader,248.2314
237,cleanup->shutdown,leader,0.245097
238,shutdown->finalize,leader,0.0661788
239,goodbye->exit,leader,2.171e-05
240,none->join,leader,0.00026277
241,join->init,leader,2.5399999999999997e-05
242,init->quorum,leader,0.272337
243,quorum->run,leader,11.2509
244,run->cleanup,leader,234.4692
245,cleanup->shutdown,leader,0.246512
246,shutdown->finalize,leader,0.0650377
247,goodbye->exit,leader,2.101e-05
248,none->join,leader,0.00027224
249,join->init,leader,2.486e-05
250,init->quorum,leader,0.275281
251,quorum->run,leader,11.7113
252,run->cleanup,leader,242.25119999999998
253,cleanup->shutdown,leader,0.247158
254,shutdown->finalize,leader,0.0666794
255,goodbye->exit,leader,2.2519999999999998e-05
256,none->join,leader,0.00026138
257,join->init,leader,2.37e-05
258,init->quorum,leader,0.258452
259,quorum->run,leader,3.30871
260,run->cleanup,leader,242.90220000000002
261,cleanup->shutdown,leader,0.243991
262,shutdown->finalize,leader,0.065937
263,goodbye->exit,leader,2.161e-05
264,none->join,leader,0.000256011
265,join->init,leader,4.518e-05
266,init->quorum,leader,0.267736
267,quorum->run,leader,5.02763
268,run->cleanup,leader,244.9968
269,cleanup->shutdown,leader,0.240794
270,shutdown->finalize,leader,0.0680792
271,goodbye->exit,leader,3.1179999999999996e-05
272,none->join,leader,0.00024772
273,join->init,leader,2.353e-05
274,init->quorum,leader,0.262094
275,quorum->run,leader,7.57613
276,run->cleanup,leader,246.9636
277,cleanup->shutdown,leader,0.245557
278,shutdown->finalize,leader,0.06800360000000001
279,goodbye->exit,leader,2.159e-05
280,none->join,leader,0.00029336
281,join->init,leader,2.507e-05
282,init->quorum,leader,0.271083
283,quorum->run,leader,4.85369
284,run->cleanup,leader,244.6506
285,cleanup->shutdown,leader,0.246783
286,shutdown->finalize,leader,0.0654988
287,goodbye->exit,leader,2.234e-05
288,none->join,leader,0.00025414
289,join->init,leader,2.4240000000000002e-05
290,init->quorum,leader,0.27414
291,quorum->run,leader,10.2856
292,run->cleanup,leader,248.7402
293,cleanup->shutdown,leader,0.244782
294,shutdown->finalize,leader,0.06677169999999999
295,goodbye->exit,leader,2.0850000000000002e-05
296,none->join,leader,0.00026491
297,join->init,leader,2.2839999999999998e-05
298,init->quorum,leader,0.257693
299,quorum->run,leader,31.8386
300,run->cleanup,leader,244.27259999999998
301,cleanup->shutdown,leader,0.241638
302,shutdown->finalize,leader,0.065908
303,goodbye->exit,leader,2.12e-05
304,none->join,leader,0.00025433
305,join->init,leader,2.5260000000000002e-05
306,init->quorum,leader,0.258012
307,quorum->run,leader,2.57315
308,run->cleanup,leader,243.20880000000002
309,cleanup->shutdown,leader,0.245269
310,shutdown->finalize,leader,0.0674371
311,goodbye->exit,leader,3.193e-05
312,none->join,leader,0.00025514
313,join->init,leader,2.4e-05
314,init->quorum,leader,0.263735
315,quorum->run,leader,7.9678
316,run->cleanup,leader,244.5294
317,cleanup->shutdown,leader,0.243468
318,shutdown->finalize,leader,0.0655976
319,goodbye->exit,leader,2.0969999999999997e-05
320,none->join,leader,0.00025482
321,join->init,leader,2.2800000000000002e-05
322,init->quorum,leader,0.260268
323,quorum->run,leader,11.9434
324,run->cleanup,leader,249.34439999999998
325,cleanup->shutdown,leader,0.243551
326,shutdown->finalize,leader,0.06649139999999999
327,goodbye->exit,leader,2.541e-05
328,none->join,leader,0.00026992
329,join->init,leader,2.483e-05
330,init->quorum,leader,0.269266
331,quorum->run,leader,31.6368
332,run->cleanup,leader,243.89399999999998
333,cleanup->shutdown,leader,0.253102
334,shutdown->finalize,leader,0.0684862
335,goodbye->exit,leader,2.2089999999999997e-05
336,none->join,leader,0.00025407
337,join->init,leader,2.281e-05
338,init->quorum,leader,0.264167
339,quorum->run,leader,4.73113
340,run->cleanup,leader,239.4912
341,cleanup->shutdown,leader,0.244827
342,shutdown->finalize,leader,0.0668044
343,goodbye->exit,leader,2.076e-05
344,none->join,leader,0.000261671
345,join->init,leader,2.3769e-05
346,init->quorum,leader,0.267908
347,quorum->run,leader,6.48287
348,run->cleanup,leader,242.295
349,cleanup->shutdown,leader,0.243105
350,shutdown->finalize,leader,0.06608230000000001
351,goodbye->exit,leader,2.23e-05
352,none->join,leader,0.00027024
353,join->init,leader,2.3290000000000002e-05
354,init->quorum,leader,0.274074
355,quorum->run,leader,10.0276
356,run->cleanup,leader,241.60320000000002
357,cleanup->shutdown,leader,0.23906
358,shutdown->finalize,leader,0.06486650000000001
359,goodbye->exit,leader,3.071e-05
360,none->join,leader,0.00026376
361,join->init,leader,2.376e-05
362,init->quorum,leader,0.25827
363,quorum->run,leader,6.88844
364,run->cleanup,leader,242.21759999999998
365,cleanup->shutdown,leader,0.243201
366,shutdown->finalize,leader,0.07001479999999999
367,goodbye->exit,leader,2.067e-05
368,none->join,leader,0.00028349999999999995
369,join->init,leader,2.533e-05
370,init->quorum,leader,0.265922
371,quorum->run,leader,9.94754
372,run->cleanup,leader,237.54
373,cleanup->shutdown,leader,0.248249
374,shutdown->finalize,leader,0.0684279
375,goodbye->exit,leader,2.065e-05
376,none->join,leader,0.00027395
377,join->init,leader,2.487e-05
378,init->quorum,leader,0.271756
379,quorum->run,leader,7.66462
380,run->cleanup,leader,240.71699999999998
381,cleanup->shutdown,leader,0.251273
382,shutdown->finalize,leader,0.06489310000000001
383,goodbye->exit,leader,2.1510000000000002e-05
384,none->join,leader,0.000250591
385,join->init,leader,2.3771e-05
386,init->quorum,leader,0.261142
387,quorum->run,leader,11.8901
388,run->cleanup,leader,244.275
389,cleanup->shutdown,leader,0.252012
390,shutdown->finalize,leader,0.0673
391,goodbye->exit,leader,2.224e-05
392,none->join,leader,0.00026477
393,join->init,leader,2.268e-05
394,init->quorum,leader,0.266153
395,quorum->run,leader,8.10496
396,run->cleanup,leader,244.3164
397,cleanup->shutdown,leader,0.24726
398,shutdown->finalize,leader,0.06496110000000001
399,goodbye->exit,leader,2.13e-05
400,none->join,leader,0.00024953
401,join->init,leader,2.9370000000000002e-05
402,init->quorum,leader,0.257491
403,quorum->run,leader,6.51979
404,run->cleanup,leader,243.92820000000003
405,cleanup->shutdown,leader,0.25056
406,shutdown->finalize,leader,0.06462999999999999
407,goodbye->exit,leader,2.1930000000000002e-05
408,none->join,leader,0.00027639
409,join->init,leader,2.605e-05
410,init->quorum,leader,0.266026
411,quorum->run,leader,8.00268
412,run->cleanup,leader,244.1232
413,cleanup->shutdown,leader,0.251295
414,shutdown->finalize,leader,0.0656677
415,goodbye->exit,leader,2.291e-05
416,none->join,leader,0.00027072
417,join->init,leader,2.341e-05
418,init->quorum,leader,0.254185
419,quorum->run,leader,7.85885
420,run->cleanup,leader,244.6476
421,cleanup->shutdown,leader,0.243323
422,shutdown->finalize,leader,0.0666395
423,goodbye->exit,leader,2.1929e-05
424,none->join,leader,0.00025293
425,join->init,leader,2.283e-05
426,init->quorum,leader,0.25929
427,quorum->run,leader,11.5895
428,run->cleanup,leader,244.2126
429,cleanup->shutdown,leader,0.240121
430,shutdown->finalize,leader,0.0671942
431,goodbye->exit,leader,2.189e-05
432,none->join,leader,0.00027509
433,join->init,leader,2.5770000000000002e-05
434,init->quorum,leader,0.271413
435,quorum->run,leader,10.6516
436,run->cleanup,leader,258.009
437,cleanup->shutdown,leader,0.250796
438,shutdown->finalize,leader,0.0708831
439,goodbye->exit,leader,2.139e-05
440,none->join,leader,0.00025953
441,join->init,leader,2.493e-05
442,init->quorum,leader,0.264887
443,quorum->run,leader,30.2994
444,run->cleanup,leader,237.1428
445,cleanup->shutdown,leader,0.243174
446,shutdown->finalize,leader,0.06434659999999999
447,goodbye->exit,leader,2.609e-05
448,none->join,leader,0.00027068
449,join->init,leader,2.597e-05
450,init->quorum,leader,0.272047
451,quorum->run,leader,3.55158
452,run->cleanup,leader,234.96779999999998
453,cleanup->shutdown,leader,0.254982
454,shutdown->finalize,leader,0.06578350000000001
455,goodbye->exit,leader,2.683e-05
456,none->join,leader,0.00025702
457,join->init,leader,2.3210000000000003e-05
458,init->quorum,leader,0.264246
459,quorum->run,leader,10.0467
460,run->cleanup,leader,246.5022
461,cleanup->shutdown,leader,0.244762
462,shutdown->finalize,leader,0.07371380000000001
463,goodbye->exit,leader,2.18e-05
464,none->join,leader,0.00026807999999999997
465,join->init,leader,2.455e-05
466,init->quorum,leader,0.271386
467,quorum->run,leader,9.96083
468,run->cleanup,leader,240.36659999999998
469,cleanup->shutdown,leader,0.251447
470,shutdown->finalize,leader,0.0688173
471,goodbye->exit,leader,3.194e-05
472,none->join,leader,0.00024901999999999997
473,join->init,leader,2.2869e-05
474,init->quorum,leader,0.261882
475,quorum->run,leader,9.91595
476,run->cleanup,leader,244.59840000000003
477,cleanup->shutdown,leader,0.253161
478,shutdown->finalize,leader,0.0675622
479,goodbye->exit,leader,2.2599999999999997e-05
480,none->join,leader,0.00027337
481,join->init,leader,2.548e-05
482,init->quorum,leader,0.269973
483,quorum->run,leader,8.62657
484,run->cleanup,leader,246.72
485,cleanup->shutdown,leader,0.25296
486,shutdown->finalize,leader,0.06642279999999999
487,goodbye->exit,leader,2.156e-05
488,none->join,leader,0.00027833
489,join->init,leader,2.407e-05
490,init->quorum,leader,0.268228
491,quorum->run,leader,11.724
492,run->cleanup,leader,248.7048
493,cleanup->shutdown,leader,0.250599
494,shutdown->finalize,leader,0.0664066
495,goodbye->exit,leader,3.1480000000000004e-05
496,none->join,leader,0.00026333
497,join->init,leader,2.449e-05
498,init->quorum,leader,0.273941
499,quorum->run,leader,10.5373
500,run->cleanup,leader,244.9494
501,cleanup->shutdown,leader,0.248463
502,shutdown->finalize,leader,0.06686579999999999
503,goodbye->exit,leader,2.257e-05
504,none->join,leader,0.000280111
505,join->init,leader,2.546e-05
506,init->quorum,leader,0.278431
507,quorum->run,leader,10.9637
508,run->cleanup,leader,243.41279999999998
509,cleanup->shutdown,leader,0.251574
510,shutdown->finalize,leader,0.06564199999999999
511,goodbye->exit,leader,2.188e-05
512,none->join,leader,0.00025231
513,join->init,leader,2.225e-05
514,init->quorum,leader,0.263795
515,quorum->run,leader,9.97636
516,run->cleanup,leader,238.0194
517,cleanup->shutdown,leader,0.244765
518,shutdown->finalize,leader,0.0673246
519,goodbye->exit,leader,2.1190000000000002e-05
520,none->join,leader,0.00026322
521,join->init,leader,2.3199999999999998e-05
522,init->quorum,leader,0.26671
523,quorum->run,leader,4.2702
524,run->cleanup,leader,244.2324
525,cleanup->shutdown,leader,0.251834
526,shutdown->finalize,leader,0.0675153
527,goodbye->exit,leader,2.108e-05
528,none->join,leader,0.00027588
529,join->init,leader,2.572e-05
530,init->quorum,leader,0.267082
531,quorum->run,leader,6.84017
532,run->cleanup,leader,245.29080000000002
533,cleanup->shutdown,leader,0.245319
534,shutdown->finalize,leader,0.06522069999999999
535,goodbye->exit,leader,2.66e-05
536,none->join,leader,0.0002828
537,join->init,leader,3.076e-05
538,init->quorum,leader,0.274216
539,quorum->run,leader,7.70175
540,run->cleanup,leader,243.4674
541,cleanup->shutdown,leader,0.243173
542,shutdown->finalize,leader,0.0661638
543,goodbye->exit,leader,2.147e-05
544,none->join,leader,0.00025673
545,join->init,leader,2.4109999999999998e-05
546,init->quorum,leader,0.255945
547,quorum->run,leader,9.94409
548,run->cleanup,leader,242.6814
549,cleanup->shutdown,leader,0.247448
550,shutdown->finalize,leader,0.07908
551,goodbye->exit,leader,2.266e-05
552,none->join,leader,0.00025953
553,join->init,leader,2.298e-05
554,init->quorum,leader,0.269779
555,quorum->run,leader,9.01129
556,run->cleanup,leader,238.1262
557,cleanup->shutdown,leader,0.246739
558,shutdown->finalize,leader,0.0654564
559,goodbye->exit,leader,2.069e-05
560,none->join,leader,0.00027012000000000005
561,join->init,leader,2.6360000000000002e-05
562,init->quorum,leader,0.27091
563,quorum->run,leader,3.13236
564,run->cleanup,leader,243.15120000000002
565,cleanup->shutdown,leader,0.25021
566,shutdown->finalize,leader,0.0667672
567,goodbye->exit,leader,2.1499999999999997e-05
568,none->join,leader,0.00027373999999999996
569,join->init,leader,2.36e-05
570,init->quorum,leader,0.265982
571,quorum->run,leader,2.88511
572,run->cleanup,leader,241.47299999999998
573,cleanup->shutdown,leader,0.247804
574,shutdown->finalize,leader,0.0642821
575,goodbye->exit,leader,2.064e-05
576,none->join,leader,0.00025583
577,join->init,leader,2.418e-05
578,init->quorum,leader,0.266107
579,quorum->run,leader,3.64278
580,run->cleanup,leader,251.19480000000001
581,cleanup->shutdown,leader,0.244631
582,shutdown->finalize,leader,0.0706909
583,goodbye->exit,leader,2.155e-05
584,none->join,leader,0.00025536
585,join->init,leader,2.344e-05
586,init->quorum,leader,0.2571
587,quorum->run,leader,32.0908
588,run->cleanup,leader,229.86180000000002
589,cleanup->shutdown,leader,0.243207
590,shutdown->finalize,leader,0.0662899
591,goodbye->exit,leader,2.103e-05
592,none->join,leader,0.00027613
593,join->init,leader,2.4279999999999998e-05
594,init->quorum,leader,0.265842
595,quorum->run,leader,4.75078
596,run->cleanup,leader,240.0894
597,cleanup->shutdown,leader,0.244946
598,shutdown->finalize,leader,0.06593009999999999
599,goodbye->exit,leader,2.163e-05
600,none->join,leader,0.00029092
601,join->init,leader,2.404e-05
602,init->quorum,leader,0.267297
603,quorum->run,leader,9.98013
604,run->cleanup,leader,240.777
605,cleanup->shutdown,leader,0.24205
606,shutdown->finalize,leader,0.06800239999999999
607,goodbye->exit,leader,2.094e-05
608,none->join,leader,0.0002546
609,join->init,leader,2.44e-05
610,init->quorum,leader,0.26104
611,quorum->run,leader,9.99016
612,run->cleanup,leader,241.4538
613,cleanup->shutdown,leader,0.242981
614,shutdown->finalize,leader,0.0647224
615,goodbye->exit,leader,2.618e-05
616,none->join,leader,0.00025783
617,join->init,leader,2.9e-05
618,init->quorum,leader,0.264356
619,quorum->run,leader,7.39752
620,run->cleanup,leader,240.6036
621,cleanup->shutdown,leader,0.240821
622,shutdown->finalize,leader,0.065229
623,goodbye->exit,leader,2.1170000000000002e-05
624,none->join,leader,0.00025684
625,join->init,leader,2.5149999999999998e-05
626,init->quorum,leader,0.273622
627,quorum->run,leader,9.69521
628,run->cleanup,leader,245.76420000000002
629,cleanup->shutdown,leader,0.245456
630,shutdown->finalize,leader,0.0653729
631,goodbye->exit,leader,2.563e-05
632,none->join,leader,0.00026659
633,join->init,leader,2.489e-05
634,init->quorum,leader,0.268093
635,quorum->run,leader,5.98885
636,run->cleanup,leader,238.8156
637,cleanup->shutdown,leader,0.250654
638,shutdown->finalize,leader,0.0699692
639,goodbye->exit,leader,2.2159999999999998e-05
640,none->join,leader,0.00026411
641,join->init,leader,2.341e-05
642,init->quorum,leader,0.260457
643,quorum->run,leader,5.81934
644,run->cleanup,leader,245.18820000000002
645,cleanup->shutdown,leader,0.243846
646,shutdown->finalize,leader,0.0688246
647,goodbye->exit,leader,2.52e-05
648,none->join,leader,0.000261569
649,join->init,leader,2.5549e-05
650,init->quorum,leader,0.269841
651,quorum->run,leader,10.0532
652,run->cleanup,leader,247.58759999999998
653,cleanup->shutdown,leader,0.250367
654,shutdown->finalize,leader,0.06557930000000001
655,goodbye->exit,leader,2.1510000000000002e-05
656,none->join,leader,0.000245991
657,join->init,leader,3.4930999999999995e-05
658,init->quorum,leader,0.25977
659,quorum->run,leader,10.8791
660,run->cleanup,leader,241.7694
661,cleanup->shutdown,leader,0.252866
662,shutdown->finalize,leader,0.0682941
663,goodbye->exit,leader,2.214e-05
664,none->join,leader,0.00026446
665,join->init,leader,2.334e-05
666,init->quorum,leader,0.269207
667,quorum->run,leader,31.6258
668,run->cleanup,leader,246.69420000000002
669,cleanup->shutdown,leader,0.247894
670,shutdown->finalize,leader,0.0674411
671,goodbye->exit,leader,2.088e-05
672,none->join,leader,0.00027823999999999997
673,join->init,leader,2.9919999999999998e-05
674,init->quorum,leader,0.276346
675,quorum->run,leader,2.82988
676,run->cleanup,leader,238.5648
677,cleanup->shutdown,leader,0.244225
678,shutdown->finalize,leader,0.0663342
679,goodbye->exit,leader,2.187e-05
680,none->join,leader,0.00025439
681,join->init,leader,2.407e-05
682,init->quorum,leader,0.265557
683,quorum->run,leader,6.64824
684,run->cleanup,leader,235.0662
685,cleanup->shutdown,leader,0.24444
686,shutdown->finalize,leader,0.0689589
687,goodbye->exit,leader,2.16e-05
688,none->join,leader,0.00025487999999999997
689,join->init,leader,2.592e-05
690,init->quorum,leader,0.269263
691,quorum->run,leader,10.1607
692,run->cleanup,leader,241.81980000000001
693,cleanup->shutdown,leader,0.248388
694,shutdown->finalize,leader,0.0669684
695,goodbye->exit,leader,2.128e-05
696,none->join,leader,0.00025818
697,join->init,leader,2.2599999999999997e-05
698,init->quorum,leader,0.255044
699,quorum->run,leader,3.81075
700,run->cleanup,leader,243.8826
701,cleanup->shutdown,leader,0.248616
702,shutdown->finalize,leader,0.0657512
703,goodbye->exit,leader,2.14e-05
704,none->join,leader,0.00026289099999999996
705,join->init,leader,2.504e-05
706,init->quorum,leader,0.262241
707,quorum->run,leader,5.1532
708,run->cleanup,leader,244.01219999999998
709,cleanup->shutdown,leader,0.245846
710,shutdown->finalize,leader,0.06773749999999999
711,goodbye->exit,leader,2.576e-05
712,none->join,leader,0.00026164
713,join->init,leader,2.3279999999999997e-05
714,init->quorum,leader,0.2708
715,quorum->run,leader,7.36373
716,run->cleanup,leader,245.4744
717,cleanup->shutdown,leader,0.243956
718,shutdown->finalize,leader,0.06661740000000001
719,goodbye->exit,leader,2.144e-05
720,none->join,leader,0.00026396
721,join->init,leader,2.3820000000000002e-05
722,init->quorum,leader,0.2646
723,quorum->run,leader,31.6458
724,run->cleanup,leader,238.5636
725,cleanup->shutdown,leader,0.242292
726,shutdown->finalize,leader,0.06630459999999999
727,goodbye->exit,leader,2.147e-05
728,none->join,leader,0.00026445
729,join->init,leader,2.4e-05
730,init->quorum,leader,0.266574
731,quorum->run,leader,10.9582
732,run->cleanup,leader,243.267
733,cleanup->shutdown,leader,0.244969
734,shutdown->finalize,leader,0.0667959
735,goodbye->exit,leader,2.1819999999999998e-05
736,none->join,leader,0.00026784000000000004
737,join->init,leader,2.418e-05
738,init->quorum,leader,0.258086
739,quorum->run,leader,10.1575
740,run->cleanup,leader,243.09
741,cleanup->shutdown,leader,0.244879
742,shutdown->finalize,leader,0.0652772
743,goodbye->exit,leader,2.739e-05
744,none->join,leader,0.00025236
745,join->init,leader,2.3460000000000002e-05
746,init->quorum,leader,0.261256
747,quorum->run,leader,8.0613
748,run->cleanup,leader,237.9378
749,cleanup->shutdown,leader,0.241026
750,shutdown->finalize,leader,0.0668676
751,goodbye->exit,leader,2.525e-05
752,none->join,leader,0.00026343
753,join->init,leader,2.742e-05
754,init->quorum,leader,0.261505
755,quorum->run,leader,6.89265
756,run->cleanup,leader,241.7238
757,cleanup->shutdown,leader,0.244655
758,shutdown->finalize,leader,0.06542529999999999
759,goodbye->exit,leader,2.2089999999999997e-05
760,none->join,leader,0.00024941
761,join->init,leader,2.438e-05
762,init->quorum,leader,0.262204
763,quorum->run,leader,5.02235
764,run->cleanup,leader,242.5956
765,cleanup->shutdown,leader,0.243797
766,shutdown->finalize,leader,0.0661833
767,goodbye->exit,leader,2.147e-05
768,none->join,leader,0.00027405
769,join->init,leader,2.4500000000000003e-05
770,init->quorum,leader,0.264488
771,quorum->run,leader,3.38486
772,run->cleanup,leader,246.5046
773,cleanup->shutdown,leader,0.243349
774,shutdown->finalize,leader,0.0642199
775,goodbye->exit,leader,2.132e-05
776,none->join,leader,0.00025993
777,join->init,leader,2.333e-05
778,init->quorum,leader,0.259913
779,quorum->run,leader,9.11274
780,run->cleanup,leader,243.62939999999998
781,cleanup->shutdown,leader,0.245812
782,shutdown->finalize,leader,0.0695291
783,goodbye->exit,leader,2.519e-05
784,none->join,leader,0.00028135
785,join->init,leader,2.353e-05
786,init->quorum,leader,0.268537
787,quorum->run,leader,4.70315
788,run->cleanup,leader,237.9096
789,cleanup->shutdown,leader,0.243816
790,shutdown->finalize,leader,0.0640337
791,goodbye->exit,leader,2.041e-05
792,none->join,leader,0.00026189000000000003
793,join->init,leader,2.429e-05
794,init->quorum,leader,0.265258
795,quorum->run,leader,6.84588
796,run->cleanup,leader,242.445
797,cleanup->shutdown,leader,0.244658
798,shutdown->finalize,leader,0.06625629999999999
799,goodbye->exit,leader,2.1989999999999998e-05
800,none->join,leader,0.00026635
801,join->init,leader,2.588e-05
802,init->quorum,leader,0.261224
803,quorum->run,leader,12.8277
804,run->cleanup,leader,242.04599999999996
805,cleanup->shutdown,leader,0.246255
806,shutdown->finalize,leader,0.06472320000000001
807,goodbye->exit,leader,3.086e-05
808,none->join,leader,0.00025735000000000005
809,join->init,leader,2.23e-05
810,init->quorum,leader,0.260592
811,quorum->run,leader,5.18452
812,run->cleanup,leader,244.83180000000002
813,cleanup->shutdown,leader,0.24336
814,shutdown->finalize,leader,0.0743574
815,goodbye->exit,leader,3.063e-05
816,none->join,leader,0.00027644000000000003
817,join->init,leader,3.095e-05
818,init->quorum,leader,0.274758
819,quorum->run,leader,9.72045
820,run->cleanup,leader,249.78540000000004
821,cleanup->shutdown,leader,0.248745
822,shutdown->finalize,leader,0.0720824
823,goodbye->exit,leader,2.187e-05
824,none->join,leader,0.00024992
825,join->init,leader,2.254e-05
826,init->quorum,leader,0.257455
827,quorum->run,leader,31.7053
828,run->cleanup,leader,240.5364
829,cleanup->shutdown,leader,0.244567
830,shutdown->finalize,leader,0.06958450000000001
831,goodbye->exit,leader,2.109e-05
832,none->join,leader,0.00027448
833,join->init,leader,2.44e-05
834,init->quorum,leader,0.259293
835,quorum->run,leader,2.39503
836,run->cleanup,leader,237.3654
837,cleanup->shutdown,leader,0.244946
838,shutdown->finalize,leader,0.0664029
839,goodbye->exit,leader,2.166e-05
840,none->join,leader,0.00026806000000000003
841,join->init,leader,2.3409e-05
842,init->quorum,leader,0.269699
843,quorum->run,leader,5.25088
844,run->cleanup,leader,241.56900000000002
845,cleanup->shutdown,leader,0.244961
846,shutdown->finalize,leader,0.0649059
847,goodbye->exit,leader,2.514e-05
848,none->join,leader,0.00028902
849,join->init,leader,2.537e-05
850,init->quorum,leader,0.268386
851,quorum->run,leader,3.60855
852,run->cleanup,leader,239.1258
853,cleanup->shutdown,leader,0.250044
854,shutdown->finalize,leader,0.0679718
855,goodbye->exit,leader,2.6960000000000003e-05
856,none->join,leader,0.00024856
857,join->init,leader,3.748e-05
858,init->quorum,leader,0.260108
859,quorum->run,leader,8.72826
860,run->cleanup,leader,236.145
861,cleanup->shutdown,leader,0.253955
862,shutdown->finalize,leader,0.0656975
863,goodbye->exit,leader,3.203e-05
864,none->join,leader,0.00030575000000000003
865,join->init,leader,2.5260000000000002e-05
866,init->quorum,leader,0.269164
867,quorum->run,leader,32.1685
868,run->cleanup,leader,244.20120000000003
869,cleanup->shutdown,leader,0.255339
870,shutdown->finalize,leader,0.06567310000000001
871,goodbye->exit,leader,3.803e-05
872,none->join,leader,0.00025788
873,join->init,leader,2.48e-05
874,init->quorum,leader,0.266469
875,quorum->run,leader,7.02101
876,run->cleanup,leader,241.93319999999997
877,cleanup->shutdown,leader,0.244261
878,shutdown->finalize,leader,0.06599509999999999
879,goodbye->exit,leader,2.7531e-05
880,none->join,leader,0.00025557
881,join->init,leader,2.4619999999999998e-05
882,init->quorum,leader,0.26586
883,quorum->run,leader,6.5836
884,run->cleanup,leader,232.4904
885,cleanup->shutdown,leader,0.245011
886,shutdown->finalize,leader,0.0689976
887,goodbye->exit,leader,2.2360000000000003e-05
888,none->join,leader,0.000254749
889,join->init,leader,2.3671e-05
890,init->quorum,leader,0.269346
891,quorum->run,leader,8.39883
892,run->cleanup,leader,247.3596
893,cleanup->shutdown,leader,0.246799
894,shutdown->finalize,leader,0.0655811
895,goodbye->exit,leader,2.144e-05
896,none->join,leader,0.00025434000000000003
897,join->init,leader,2.381e-05
898,init->quorum,leader,0.257012
899,quorum->run,leader,9.83726
900,run->cleanup,leader,234.66299999999998
901,cleanup->shutdown,leader,0.246371
902,shutdown->finalize,leader,0.0660348
903,goodbye->exit,leader,2.1028999999999998e-05
904,none->join,leader,0.0002565
905,join->init,leader,3.655e-05
906,init->quorum,leader,0.26224
907,quorum->run,leader,11.7674
908,run->cleanup,leader,238.0344
909,cleanup->shutdown,leader,0.246042
910,shutdown->finalize,leader,0.06666580000000001
911,goodbye->exit,leader,2.11e-05
912,none->join,leader,0.000261969
913,join->init,leader,2.434e-05
914,init->quorum,leader,0.254693
915,quorum->run,leader,3.58939
916,run->cleanup,leader,246.34080000000003
917,cleanup->shutdown,leader,0.244469
918,shutdown->finalize,leader,0.06499200000000001
919,goodbye->exit,leader,2.272e-05
920,none->join,leader,0.00027246999999999997
921,join->init,leader,2.309e-05
922,init->quorum,leader,0.262136
923,quorum->run,leader,3.47592
924,run->cleanup,leader,239.39339999999999
925,cleanup->shutdown,leader,0.245161
926,shutdown->finalize,leader,0.0691036
927,goodbye->exit,leader,2.2179999999999998e-05
928,none->join,leader,0.0002608
929,join->init,leader,2.3619999999999997e-05
930,init->quorum,leader,0.258893
931,quorum->run,leader,3.85878
932,run->cleanup,leader,243.675
933,cleanup->shutdown,leader,0.247698
934,shutdown->finalize,leader,0.06588200000000001
935,goodbye->exit,leader,2.171e-05
936,none->join,leader,0.00027213
937,join->init,leader,2.4789999999999998e-05
938,init->quorum,leader,0.261397
939,quorum->run,leader,5.65615
940,run->cleanup,leader,239.48219999999998
941,cleanup->shutdown,leader,0.246239
942,shutdown->finalize,leader,0.067055
943,goodbye->exit,leader,3.131e-05
944,none->join,leader,0.00026965
945,join->init,leader,2.403e-05
946,init->quorum,leader,0.261912
947,quorum->run,leader,31.6038
948,run->cleanup,leader,253.27859999999998
949,cleanup->shutdown,leader,0.249956
950,shutdown->finalize,leader,0.06912739999999999
951,goodbye->exit,leader,2.183e-05
952,none->join,leader,0.00025665
953,join->init,leader,2.454e-05
954,init->quorum,leader,0.264609
955,quorum->run,leader,4.71441
956,run->cleanup,leader,239.2692
957,cleanup->shutdown,leader,0.243159
958,shutdown->finalize,leader,0.065788
959,goodbye->exit,leader,3.363e-05
960,none->join,leader,0.000246071
961,join->init,leader,2.508e-05
962,init->quorum,leader,0.260136
963,quorum->run,leader,4.33105
964,run->cleanup,leader,240.7326
965,cleanup->shutdown,leader,0.245544
966,shutdown->finalize,leader,0.06752899999999999
967,goodbye->exit,leader,2.118e-05
968,none->join,leader,0.00026124000000000004
969,join->init,leader,2.5909999999999998e-05
970,init->quorum,leader,0.272786
971,quorum->run,leader,5.50768
972,run->cleanup,leader,244.5906
973,cleanup->shutdown,leader,0.247015
974,shutdown->finalize,leader,0.06582829999999999
975,goodbye->exit,leader,2.1949e-05
976,none->join,leader,0.00025346
977,join->init,leader,2.404e-05
978,init->quorum,leader,0.260425
979,quorum->run,leader,7.24854
980,run->cleanup,leader,244.344
981,cleanup->shutdown,leader,0.24409
982,shutdown->finalize,leader,0.0667726
983,goodbye->exit,leader,2.336e-05
984,none->join,leader,0.00026985999999999997
985,join->init,leader,2.465e-05
986,init->quorum,leader,0.272352
987,quorum->run,leader,6.77708
988,run->cleanup,leader,240.40019999999998
989,cleanup->shutdown,leader,0.244871
990,shutdown->finalize,leader,0.067521
991,goodbye->exit,leader,2.177e-05
992,none->join,leader,0.00027988000000000004
993,join->init,leader,2.472e-05
994,init->quorum,leader,0.266584
995,quorum->run,leader,5.96289
996,run->cleanup,leader,237.8328
997,cleanup->shutdown,leader,0.246565
998,shutdown->finalize,leader,0.06551309999999999
999,goodbye->exit,leader,2.1760000000000002e-05
1000,none->join,leader,0.00025932
1001,join->init,leader,2.436e-05
1002,init->quorum,leader,0.263087
1003,quorum->run,leader,11.3417
1004,run->cleanup,leader,243.036
1005,cleanup->shutdown,leader,0.24471
1006,shutdown->finalize,leader,0.0677969
1007,goodbye->exit,leader,2.1989999999999998e-05
1008,none->join,leader,0.00026762000000000004
1009,join->init,leader,2.465e-05
1010,init->quorum,leader,0.270717
1011,quorum->run,leader,4.69507
1012,run->cleanup,leader,245.15460000000002
1013,cleanup->shutdown,leader,0.249649
1014,shutdown->finalize,leader,0.0665245
1015,goodbye->exit,leader,2.116e-05
1016,none->join,leader,0.000254509
1017,join->init,leader,2.4948999999999998e-05
1018,init->quorum,leader,0.263359
1019,quorum->run,leader,7.88702
1020,run->cleanup,leader,244.5594
1021,cleanup->shutdown,leader,0.247966
1022,shutdown->finalize,leader,0.06747750000000001
1023,goodbye->exit,leader,2.283e-05
1024,none->join,leader,0.00025487999999999997
1025,join->init,leader,2.291e-05
1026,init->quorum,leader,0.266448
1027,quorum->run,leader,3.72442
1028,run->cleanup,leader,239.6634
1029,cleanup->shutdown,leader,0.24578
1030,shutdown->finalize,leader,0.0683619
1031,goodbye->exit,leader,2.128e-05
1032,none->join,leader,0.00025911
1033,join->init,leader,2.434e-05
1034,init->quorum,leader,0.268571
1035,quorum->run,leader,8.97184
1036,run->cleanup,leader,243.83700000000002
1037,cleanup->shutdown,leader,0.244737
1038,shutdown->finalize,leader,0.0693526
1039,goodbye->exit,leader,2.122e-05
1040,none->join,leader,0.0002656
1041,join->init,leader,2.2870000000000003e-05
1042,init->quorum,leader,0.264749
1043,quorum->run,leader,31.6247
1044,run->cleanup,leader,241.2672
1045,cleanup->shutdown,leader,0.24836
1046,shutdown->finalize,leader,0.0652088
1047,goodbye->exit,leader,2.1128999999999997e-05
1048,none->join,leader,0.00025082
1049,join->init,leader,2.359e-05
1050,init->quorum,leader,0.264919
1051,quorum->run,leader,7.71818
1052,run->cleanup,leader,243.49620000000002
1053,cleanup->shutdown,leader,0.246878
1054,shutdown->finalize,leader,0.0669699
1055,goodbye->exit,leader,2.0799999999999997e-05
1056,none->join,leader,0.00025955
1057,join->init,leader,2.569e-05
1058,init->quorum,leader,0.273006
1059,quorum->run,leader,5.95923
1060,run->cleanup,leader,245.9598
1061,cleanup->shutdown,leader,0.244651
1062,shutdown->finalize,leader,0.0683499
1063,goodbye->exit,leader,2.082e-05
1064,none->join,leader,0.00026469
1065,join->init,leader,2.4e-05
1066,init->quorum,leader,0.265313
1067,quorum->run,leader,11.4538
1068,run->cleanup,leader,244.12499999999997
1069,cleanup->shutdown,leader,0.249442
1070,shutdown->finalize,leader,0.06767279999999999
1071,goodbye->exit,leader,2.2689999999999998e-05
1072,none->join,leader,0.00026022
1073,join->init,leader,2.418e-05
1074,init->quorum,leader,0.272468
1075,quorum->run,leader,10.9713
1076,run->cleanup,leader,247.3542
1077,cleanup->shutdown,leader,0.249349
1078,shutdown->finalize,leader,0.0655346
1079,goodbye->exit,leader,2.1711000000000003e-05
1080,none->join,leader,0.00026134000000000004
1081,join->init,leader,2.282e-05
1082,init->quorum,leader,0.264193
1083,quorum->run,leader,3.7485
1084,run->cleanup,leader,240.13439999999997
1085,cleanup->shutdown,leader,0.247461
1086,shutdown->finalize,leader,0.0752189
1087,goodbye->exit,leader,3.103e-05
1088,none->join,leader,0.00027972
1089,join->init,leader,2.37e-05
1090,init->quorum,leader,0.266224
1091,quorum->run,leader,3.60058
1092,run->cleanup,leader,244.2498
1093,cleanup->shutdown,leader,0.243571
1094,shutdown->finalize,leader,0.069663
1095,goodbye->exit,leader,2.674e-05
1096,none->join,leader,0.00027585
1097,join->init,leader,2.367e-05
1098,init->quorum,leader,0.259018
1099,quorum->run,leader,3.28514
1100,run->cleanup,leader,237.1602
1101,cleanup->shutdown,leader,0.242316
1102,shutdown->finalize,leader,0.0646244
1103,goodbye->exit,leader,2.104e-05
1104,none->join,leader,0.0002472
1105,join->init,leader,2.262e-05
1106,init->quorum,leader,0.268051
1107,quorum->run,leader,11.584
1108,run->cleanup,leader,242.80200000000002
1109,cleanup->shutdown,leader,0.245566
1110,shutdown->finalize,leader,0.0671216
1111,goodbye->exit,leader,2.1728999999999998e-05
1112,none->join,leader,0.00025917000000000003
1113,join->init,leader,2.265e-05
1114,init->quorum,leader,0.256317
1115,quorum->run,leader,8.999
1116,run->cleanup,leader,245.06939999999997
1117,cleanup->shutdown,leader,0.23984
1118,shutdown->finalize,leader,0.0688836
1119,goodbye->exit,leader,2.152e-05
1120,none->join,leader,0.00025407999999999995
1121,join->init,leader,2.508e-05
1122,init->quorum,leader,0.278925
1123,quorum->run,leader,10.7677
1124,run->cleanup,leader,243.89880000000002
1125,cleanup->shutdown,leader,0.24921
1126,shutdown->finalize,leader,0.0666453
1127,goodbye->exit,leader,2.1360000000000002e-05
1128,none->join,leader,0.000253519
1129,join->init,leader,2.2970999999999997e-05
1130,init->quorum,leader,0.265973
1131,quorum->run,leader,8.0483
1132,run->cleanup,leader,244.01219999999998
1133,cleanup->shutdown,leader,0.25414
1134,shutdown->finalize,leader,0.06676560000000001
1135,goodbye->exit,leader,2.7570000000000002e-05
1136,none->join,leader,0.00024555
1137,join->init,leader,2.444e-05
1138,init->quorum,leader,0.270677
1139,quorum->run,leader,9.28761
1140,run->cleanup,leader,246.5736
1141,cleanup->shutdown,leader,0.245846
1142,shutdown->finalize,leader,0.06795759999999999
1143,goodbye->exit,leader,2.042e-05
1144,none->join,leader,0.00025596999999999995
1145,join->init,leader,2.3789999999999998e-05
1146,init->quorum,leader,0.267389
1147,quorum->run,leader,30.4462
1148,run->cleanup,leader,242.76120000000003
1149,cleanup->shutdown,leader,0.248163
1150,shutdown->finalize,leader,0.06460769999999999
1151,goodbye->exit,leader,3.5470000000000004e-05
1152,none->join,leader,0.00026396
1153,join->init,leader,2.507e-05
1154,init->quorum,leader,0.265779
1155,quorum->run,leader,9.95645
1156,run->cleanup,leader,236.1438
1157,cleanup->shutdown,leader,0.247488
1158,shutdown->finalize,leader,0.072818
1159,goodbye->exit,leader,2.154e-05
1160,none->join,leader,0.00025306
1161,join->init,leader,2.4129999999999998e-05
1162,init->quorum,leader,0.269954
1163,quorum->run,leader,3.80429
1164,run->cleanup,leader,243.8502
1165,cleanup->shutdown,leader,0.251357
1166,shutdown->finalize,leader,0.06678400000000001
1167,goodbye->exit,leader,3.201e-05
1168,none->join,leader,0.00025752
1169,join->init,leader,2.4750000000000002e-05
1170,init->quorum,leader,0.265613
1171,quorum->run,leader,5.72605
1172,run->cleanup,leader,252.4398
1173,cleanup->shutdown,leader,0.243445
1174,shutdown->finalize,leader,0.0665651
1175,goodbye->exit,leader,2.2431e-05
1176,none->join,leader,0.00025402000000000004
1177,join->init,leader,2.415e-05
1178,init->quorum,leader,0.267083
1179,quorum->run,leader,10.6294
1180,run->cleanup,leader,250.0956
1181,cleanup->shutdown,leader,0.244256
1182,shutdown->finalize,leader,0.067878
1183,goodbye->exit,leader,2.071e-05
1184,none->join,leader,0.00028579100000000003
1185,join->init,leader,2.2931e-05
1186,init->quorum,leader,0.264268
1187,quorum->run,leader,4.8696
1188,run->cleanup,leader,239.6148
1189,cleanup->shutdown,leader,0.244852
1190,shutdown->finalize,leader,0.0707815
1191,goodbye->exit,leader,2.9219999999999998e-05
1192,none->join,leader,0.00025278000000000003
1193,join->init,leader,2.33e-05
1194,init->quorum,leader,0.263867
1195,quorum->run,leader,10.9664
1196,run->cleanup,leader,236.71020000000001
1197,cleanup->shutdown,leader,0.245453
1198,shutdown->finalize,leader,0.0663694
1199,goodbye->exit,leader,2.152e-05
1200,none->join,leader,0.000251371
1201,join->init,leader,2.3451e-05
1202,init->quorum,leader,0.261596
1203,quorum->run,leader,9.27586
1204,run->cleanup,leader,237.2304
1205,cleanup->shutdown,leader,0.244639
1206,shutdown->finalize,leader,0.0659154
1207,goodbye->exit,leader,2.69e-05
1208,none->join,leader,0.00029858
1209,join->init,leader,2.408e-05
1210,init->quorum,leader,0.271707
1211,quorum->run,leader,6.53649
1212,run->cleanup,leader,237.4692
1213,cleanup->shutdown,leader,0.247586
1214,shutdown->finalize,leader,0.066948
1215,goodbye->exit,leader,2.274e-05
1216,none->join,leader,0.00028666000000000005
1217,join->init,leader,2.332e-05
1218,init->quorum,leader,0.263732
1219,quorum->run,leader,5.0885
1220,run->cleanup,leader,246.8304
1221,cleanup->shutdown,leader,0.247841
1222,shutdown->finalize,leader,0.0653225
1223,goodbye->exit,leader,2.087e-05
1224,none->join,leader,0.00028216
1225,join->init,leader,2.5129999999999998e-05
1226,init->quorum,leader,0.265089
1227,quorum->run,leader,10.1798
1228,run->cleanup,leader,250.083
1229,cleanup->shutdown,leader,0.243864
1230,shutdown->finalize,leader,0.0714527
1231,goodbye->exit,leader,2.5319999999999998e-05
1232,none->join,leader,0.00025703
1233,join->init,leader,2.37e-05
1234,init->quorum,leader,0.270457
1235,quorum->run,leader,3.66229
1236,run->cleanup,leader,230.6874
1237,cleanup->shutdown,leader,0.250861
1238,shutdown->finalize,leader,0.0660269
1239,goodbye->exit,leader,2.7040000000000002e-05
1240,none->join,leader,0.000268851
1241,join->init,leader,2.4279999999999998e-05
1242,init->quorum,leader,0.267912
1243,quorum->run,leader,7.90381
1244,run->cleanup,leader,241.59959999999998
1245,cleanup->shutdown,leader,0.25299
1246,shutdown->finalize,leader,0.0646455
1247,goodbye->exit,leader,2.155e-05
1248,none->join,leader,0.00027758
1249,join->init,leader,2.525e-05
1250,init->quorum,leader,0.272018
1251,quorum->run,leader,3.7473
1252,run->cleanup,leader,242.87940000000003
1253,cleanup->shutdown,leader,0.253348
1254,shutdown->finalize,leader,0.06583660000000001
1255,goodbye->exit,leader,2.17e-05
1256,none->join,leader,0.00027749000000000003
1257,join->init,leader,2.3040000000000003e-05
1258,init->quorum,leader,0.258648
1259,quorum->run,leader,3.45443
1260,run->cleanup,leader,242.25119999999998
1261,cleanup->shutdown,leader,0.246016
1262,shutdown->finalize,leader,0.0657469
1263,goodbye->exit,leader,2.2610000000000002e-05
1264,none->join,leader,0.0002793
1265,join->init,leader,2.444e-05
1266,init->quorum,leader,0.27415
1267,quorum->run,leader,10.6095
1268,run->cleanup,leader,251.5626
1269,cleanup->shutdown,leader,0.244597
1270,shutdown->finalize,leader,0.0655155
1271,goodbye->exit,leader,2.163e-05
1272,none->join,leader,0.00027006999999999997
1273,join->init,leader,2.3619999999999997e-05
1274,init->quorum,leader,0.263668
1275,quorum->run,leader,12.669
1276,run->cleanup,leader,241.76579999999998
1277,cleanup->shutdown,leader,0.245275
1278,shutdown->finalize,leader,0.0668315
1279,goodbye->exit,leader,3.047e-05
1280,none->join,leader,0.00025884000000000004
1281,join->init,leader,2.317e-05
1282,init->quorum,leader,0.264494
1283,quorum->run,leader,10.9133
1284,run->cleanup,leader,242.877
1285,cleanup->shutdown,leader,0.244889
1286,shutdown->finalize,leader,0.0699066
1287,goodbye->exit,leader,2.598e-05
1288,none->join,leader,0.0002511
1289,join->init,leader,2.5628999999999998e-05
1290,init->quorum,leader,0.260157
1291,quorum->run,leader,11.8324
1292,run->cleanup,leader,244.1556
1293,cleanup->shutdown,leader,0.242249
1294,shutdown->finalize,leader,0.06774580000000001
1295,goodbye->exit,leader,2.2179999999999998e-05
1296,none->join,leader,0.00027913
1297,join->init,leader,2.358e-05
1298,init->quorum,leader,0.262531
1299,quorum->run,leader,12.25
1300,run->cleanup,leader,266.6568
1301,cleanup->shutdown,leader,0.250032
1302,shutdown->finalize,leader,0.06693099999999999
1303,goodbye->exit,leader,2.6249999999999998e-05
1304,none->join,leader,0.00026063
1305,join->init,leader,2.4580000000000002e-05
1306,init->quorum,leader,0.264626
1307,quorum->run,leader,3.36633
1308,run->cleanup,leader,233.0934
1309,cleanup->shutdown,leader,0.242795
1310,shutdown->finalize,leader,0.0686257
1311,goodbye->exit,leader,2.2020000000000003e-05
1312,none->join,leader,0.00026118
1313,join->init,leader,2.505e-05
1314,init->quorum,leader,0.272949
1315,quorum->run,leader,7.26283
1316,run->cleanup,leader,239.2386
1317,cleanup->shutdown,leader,0.246918
1318,shutdown->finalize,leader,0.0658084
1319,goodbye->exit,leader,2.1850000000000003e-05
1320,none->join,leader,0.00026212999999999996
1321,join->init,leader,3.5860000000000006e-05
1322,init->quorum,leader,0.264067
1323,quorum->run,leader,4.66768
1324,run->cleanup,leader,244.9254
1325,cleanup->shutdown,leader,0.243444
1326,shutdown->finalize,leader,0.066588
1327,goodbye->exit,leader,2.156e-05
1328,none->join,leader,0.0002678
1329,join->init,leader,3.066e-05
1330,init->quorum,leader,0.272642
1331,quorum->run,leader,8.64981
1332,run->cleanup,leader,237.2058
1333,cleanup->shutdown,leader,0.247944
1334,shutdown->finalize,leader,0.0644241
1335,goodbye->exit,leader,2.221e-05
1336,none->join,leader,0.00026538
1337,join->init,leader,2.452e-05
1338,init->quorum,leader,0.269619
1339,quorum->run,leader,4.89753
1340,run->cleanup,leader,238.6224
1341,cleanup->shutdown,leader,0.246918
1342,shutdown->finalize,leader,0.07062869999999999
1343,goodbye->exit,leader,2.575e-05
1344,none->join,leader,0.00026885
1345,join->init,leader,2.5620000000000002e-05
1346,init->quorum,leader,0.261387
1347,quorum->run,leader,7.76207
1348,run->cleanup,leader,262.0998
1349,cleanup->shutdown,leader,0.244831
1350,shutdown->finalize,leader,0.0681747
1351,goodbye->exit,leader,2.142e-05
1352,none->join,leader,0.00025790000000000003
1353,join->init,leader,2.542e-05
1354,init->quorum,leader,0.272048
1355,quorum->run,leader,30.5263
1356,run->cleanup,leader,251.1192
1357,cleanup->shutdown,leader,0.247956
1358,shutdown->finalize,leader,0.0670239
1359,goodbye->exit,leader,2.7049e-05
1360,none->join,leader,0.00025475
1361,join->init,leader,2.381e-05
1362,init->quorum,leader,0.266472
1363,quorum->run,leader,31.6341
1364,run->cleanup,leader,244.8264
1365,cleanup->shutdown,leader,0.248841
1366,shutdown->finalize,leader,0.0668352
1367,goodbye->exit,leader,2.1930000000000002e-05
1368,none->join,leader,0.00025266
1369,join->init,leader,2.438e-05
1370,init->quorum,leader,0.262932
1371,quorum->run,leader,7.85174
1372,run->cleanup,leader,253.93079999999998
1373,cleanup->shutdown,leader,0.247231
1374,shutdown->finalize,leader,0.0642768
1375,goodbye->exit,leader,2.1499999999999997e-05
1376,none->join,leader,0.00025291
1377,join->init,leader,2.434e-05
1378,init->quorum,leader,0.259062
1379,quorum->run,leader,7.36323
1380,run->cleanup,leader,246.8238
1381,cleanup->shutdown,leader,0.252598
1382,shutdown->finalize,leader,0.065425
1383,goodbye->exit,leader,2.223e-05
1384,none->join,leader,0.00027274
1385,join->init,leader,2.52e-05
1386,init->quorum,leader,0.273215
1387,quorum->run,leader,32.0372
1388,run->cleanup,leader,243.0936
1389,cleanup->shutdown,leader,0.245521
1390,shutdown->finalize,leader,0.0702353
1391,goodbye->exit,leader,2.2329999999999998e-05
1392,none->join,leader,0.00026513999999999997
1393,join->init,leader,2.541e-05
1394,init->quorum,leader,0.26065
1395,quorum->run,leader,6.80642
1396,run->cleanup,leader,242.9208
1397,cleanup->shutdown,leader,0.243604
1398,shutdown->finalize,leader,0.0650714
1399,goodbye->exit,leader,2.599e-05
1400,none->join,leader,0.00026164
1401,join->init,leader,2.629e-05
1402,init->quorum,leader,0.269142
1403,quorum->run,leader,5.80838
1404,run->cleanup,leader,248.7402
1405,cleanup->shutdown,leader,0.246702
1406,shutdown->finalize,leader,0.06999559999999999
1407,goodbye->exit,leader,2.152e-05
1408,none->join,leader,0.00025829
1409,join->init,leader,2.403e-05
1410,init->quorum,leader,0.26757
1411,quorum->run,leader,6.09695
1412,run->cleanup,leader,233.9856
1413,cleanup->shutdown,leader,0.246033
1414,shutdown->finalize,leader,0.0666305
1415,goodbye->exit,leader,2.2169e-05
1416,none->join,leader,0.00027531
1417,join->init,leader,2.483e-05
1418,init->quorum,leader,0.263068
1419,quorum->run,leader,5.47595
1420,run->cleanup,leader,243.0372
1421,cleanup->shutdown,leader,0.252944
1422,shutdown->finalize,leader,0.06732980000000001
1423,goodbye->exit,leader,2.6360000000000002e-05
1424,none->join,leader,0.00027303
1425,join->init,leader,2.456e-05
1426,init->quorum,leader,0.256009
1427,quorum->run,leader,11.2114
1428,run->cleanup,leader,244.22400000000002
1429,cleanup->shutdown,leader,0.243768
1430,shutdown->finalize,leader,0.0710247
1431,goodbye->exit,leader,2.1930000000000002e-05
1432,none->join,leader,0.00025762
1433,join->init,leader,2.429e-05
1434,init->quorum,leader,0.266152
1435,quorum->run,leader,12.0546
1436,run->cleanup,leader,244.7082
1437,cleanup->shutdown,leader,0.244853
1438,shutdown->finalize,leader,0.0662571
1439,goodbye->exit,leader,2.127e-05
1440,none->join,leader,0.0002511
1441,join->init,leader,2.453e-05
1442,init->quorum,leader,0.267502
1443,quorum->run,leader,9.19396
1444,run->cleanup,leader,246.423
1445,cleanup->shutdown,leader,0.246151
1446,shutdown->finalize,leader,0.0663923
1447,goodbye->exit,leader,2.135e-05
1448,none->join,leader,0.00026087
1449,join->init,leader,2.406e-05
1450,init->quorum,leader,0.256696
1451,quorum->run,leader,31.8209
1452,run->cleanup,leader,237.5496
1453,cleanup->shutdown,leader,0.242703
1454,shutdown->finalize,leader,0.0750943
1455,goodbye->exit,leader,2.075e-05
1456,none->join,leader,0.00026958
1457,join->init,leader,2.289e-05
1458,init->quorum,leader,0.267144
1459,quorum->run,leader,6.94144
1460,run->cleanup,leader,244.8372
1461,cleanup->shutdown,leader,0.248414
1462,shutdown->finalize,leader,0.06648820000000001
1463,goodbye->exit,leader,2.2870000000000003e-05
1464,none->join,leader,0.00024665
1465,join->init,leader,2.505e-05
1466,init->quorum,leader,0.265012
1467,quorum->run,leader,4.61667
1468,run->cleanup,leader,243.5094
1469,cleanup->shutdown,leader,0.241702
1470,shutdown->finalize,leader,0.0653734
1471,goodbye->exit,leader,2.194e-05
1472,none->join,leader,0.00025879
1473,join->init,leader,2.3460000000000002e-05
1474,init->quorum,leader,0.256593
1475,quorum->run,leader,3.73693
1476,run->cleanup,leader,238.8786
1477,cleanup->shutdown,leader,0.243592
1478,shutdown->finalize,leader,0.0646517
1479,goodbye->exit,leader,2.573e-05
1480,none->join,leader,0.000248249
1481,join->init,leader,2.48e-05
1482,init->quorum,leader,0.259074
1483,quorum->run,leader,9.12624
1484,run->cleanup,leader,245.6058
1485,cleanup->shutdown,leader,0.241132
1486,shutdown->finalize,leader,0.06647660000000001
1487,goodbye->exit,leader,2.555e-05
1488,none->join,leader,0.00025639
1489,join->init,leader,2.377e-05
1490,init->quorum,leader,0.270043
1491,quorum->run,leader,6.20004
1492,run->cleanup,leader,248.43239999999997
1493,cleanup->shutdown,leader,0.248027
1494,shutdown->finalize,leader,0.0665309
1495,goodbye->exit,leader,2.0889999999999998e-05
1496,none->join,leader,0.00026379999999999996
1497,join->init,leader,2.655e-05
1498,init->quorum,leader,0.267718
1499,quorum->run,leader,8.19449
1500,run->cleanup,leader,249.92159999999998
1501,cleanup->shutdown,leader,0.252188
1502,shutdown->finalize,leader,0.06678239999999999
1503,goodbye->exit,leader,2.47e-05
1504,none->join,leader,0.0002633
1505,join->init,leader,2.5770000000000002e-05
1506,init->quorum,leader,0.271073
1507,quorum->run,leader,7.70857
1508,run->cleanup,leader,244.83839999999998
1509,cleanup->shutdown,leader,0.248213
1510,shutdown->finalize,leader,0.0654628
1511,goodbye->exit,leader,2.627e-05
1512,none->join,leader,0.00027446999999999997
1513,join->init,leader,2.336e-05
1514,init->quorum,leader,0.265706
1515,quorum->run,leader,9.91364
1516,run->cleanup,leader,242.4336
1517,cleanup->shutdown,leader,0.246554
1518,shutdown->finalize,leader,0.06630559999999999
1519,goodbye->exit,leader,2.2179999999999998e-05
1520,none->join,leader,0.00024647
1521,join->init,leader,2.4940000000000002e-05
1522,init->quorum,leader,0.263116
1523,quorum->run,leader,2.7927
1524,run->cleanup,leader,238.8918
1525,cleanup->shutdown,leader,0.250189
1526,shutdown->finalize,leader,0.06424550000000001
1527,goodbye->exit,leader,2.1139999999999997e-05
1528,none->join,leader,0.00027293
1529,join->init,leader,2.505e-05
1530,init->quorum,leader,0.284976
1531,quorum->run,leader,3.40915
1532,run->cleanup,leader,244.07819999999998
1533,cleanup->shutdown,leader,0.250321
1534,shutdown->finalize,leader,0.0645086
1535,goodbye->exit,leader,2.06e-05
1536,none->join,leader,0.000263869
1537,join->init,leader,2.368e-05
1538,init->quorum,leader,0.271378
1539,quorum->run,leader,3.1087
1540,run->cleanup,leader,243.95999999999998
1541,cleanup->shutdown,leader,0.244864
1542,shutdown->finalize,leader,0.0668151
1543,goodbye->exit,leader,2.726e-05
1544,none->join,leader,0.00024795
1545,join->init,leader,2.2429999999999997e-05
1546,init->quorum,leader,0.264025
1547,quorum->run,leader,5.00112
1548,run->cleanup,leader,254.679
1549,cleanup->shutdown,leader,0.242136
1550,shutdown->finalize,leader,0.06652559999999999
1551,goodbye->exit,leader,2.753e-05
1552,none->join,leader,0.00025462
1553,join->init,leader,2.489e-05
1554,init->quorum,leader,0.268248
1555,quorum->run,leader,3.40845
1556,run->cleanup,leader,242.7042
1557,cleanup->shutdown,leader,0.249663
1558,shutdown->finalize,leader,0.0666073
1559,goodbye->exit,leader,3.092e-05
1560,none->join,leader,0.00024870000000000003
1561,join->init,leader,2.224e-05
1562,init->quorum,leader,0.26176
1563,quorum->run,leader,4.60767
1564,run->cleanup,leader,235.1232
1565,cleanup->shutdown,leader,0.24722
1566,shutdown->finalize,leader,0.0674139
1567,goodbye->exit,leader,2.22e-05
1568,none->join,leader,0.00025340000000000003
1569,join->init,leader,2.333e-05
1570,init->quorum,leader,0.258807
1571,quorum->run,leader,2.56428
1572,run->cleanup,leader,246.70980000000003
1573,cleanup->shutdown,leader,0.243955
1574,shutdown->finalize,leader,0.0655581
1575,goodbye->exit,leader,2.2700000000000003e-05
1576,none->join,leader,0.00026517
1577,join->init,leader,2.443e-05
1578,init->quorum,leader,0.269888
1579,quorum->run,leader,10.8124
1580,run->cleanup,leader,243.97500000000002
1581,cleanup->shutdown,leader,0.245908
1582,shutdown->finalize,leader,0.0655643
1583,goodbye->exit,leader,2.403e-05
1584,none->join,leader,0.00028777
1585,join->init,leader,2.5110000000000002e-05
1586,init->quorum,leader,0.26321
1587,quorum->run,leader,5.73215
1588,run->cleanup,leader,244.917
1589,cleanup->shutdown,leader,0.254949
1590,shutdown->finalize,leader,0.064964
1591,goodbye->exit,leader,2.196e-05
1592,none->join,leader,0.00026933
1593,join->init,leader,2.364e-05
1594,init->quorum,leader,0.270563
1595,quorum->run,leader,9.16169
1596,run->cleanup,leader,243.6744
1597,cleanup->shutdown,leader,0.245382
1598,shutdown->finalize,leader,0.06594240000000001
1599,goodbye->exit,leader,2.2e-05
1600,none->join,leader,0.00026146000000000003
1601,join->init,leader,2.3380000000000003e-05
1602,init->quorum,leader,0.264481
1603,quorum->run,leader,3.81555
1604,run->cleanup,leader,244.04039999999998
1605,cleanup->shutdown,leader,0.25068
1606,shutdown->finalize,leader,0.0656755
1607,goodbye->exit,leader,2.24e-05
1608,none->join,leader,0.00026302
1609,join->init,leader,2.288e-05
1610,init->quorum,leader,0.262984
1611,quorum->run,leader,31.5921
1612,run->cleanup,leader,235.416
1613,cleanup->shutdown,leader,0.245927
1614,shutdown->finalize,leader,0.0672093
1615,goodbye->exit,leader,2.1309999999999998e-05
1616,none->join,leader,0.00028111000000000005
1617,join->init,leader,2.401e-05
1618,init->quorum,leader,0.263454
1619,quorum->run,leader,11.8789
1620,run->cleanup,leader,248.4816
1621,cleanup->shutdown,leader,0.242206
1622,shutdown->finalize,leader,0.0669739
1623,goodbye->exit,leader,2.5569999999999997e-05
1624,none->join,leader,0.00025779000000000004
1625,join->init,leader,2.4129999999999998e-05
1626,init->quorum,leader,0.266139
1627,quorum->run,leader,3.28783
1628,run->cleanup,leader,241.27319999999997
1629,cleanup->shutdown,leader,0.245061
1630,shutdown->finalize,leader,0.06612009999999999
1631,goodbye->exit,leader,2.061e-05
1632,none->join,leader,0.00026331
1633,join->init,leader,2.468e-05
1634,init->quorum,leader,0.270027
1635,quorum->run,leader,3.43764
1636,run->cleanup,leader,244.09979999999996
1637,cleanup->shutdown,leader,0.245044
1638,shutdown->finalize,leader,0.0677178
1639,goodbye->exit,leader,2.501e-05
1640,none->join,leader,0.00026256
1641,join->init,leader,2.5909999999999998e-05
1642,init->quorum,leader,0.260715
1643,quorum->run,leader,4.63084
1644,run->cleanup,leader,249.4398
1645,cleanup->shutdown,leader,0.242358
1646,shutdown->finalize,leader,0.0669645
1647,goodbye->exit,leader,2.612e-05
1648,none->join,leader,0.0002556
1649,join->init,leader,2.292e-05
1650,init->quorum,leader,0.258938
1651,quorum->run,leader,7.45454
1652,run->cleanup,leader,245.0238
1653,cleanup->shutdown,leader,0.245014
1654,shutdown->finalize,leader,0.06907930000000001
1655,goodbye->exit,leader,2.1669999999999998e-05
1656,none->join,leader,0.00025418
1657,join->init,leader,4.5719999999999996e-05
1658,init->quorum,leader,0.268545
1659,quorum->run,leader,11.6025
1660,run->cleanup,leader,232.99380000000002
1661,cleanup->shutdown,leader,0.244083
1662,shutdown->finalize,leader,0.06592579999999999
1663,goodbye->exit,leader,2.5409e-05
1664,none->join,leader,0.00027855999999999996
1665,join->init,leader,2.485e-05
1666,init->quorum,leader,0.269864
1667,quorum->run,leader,3.9302
1668,run->cleanup,leader,240.61679999999998
1669,cleanup->shutdown,leader,0.251273
1670,shutdown->finalize,leader,0.065668
1671,goodbye->exit,leader,3.061e-05
1672,none->join,leader,0.00024689
1673,join->init,leader,2.499e-05
1674,init->quorum,leader,0.264627
1675,quorum->run,leader,8.73034
1676,run->cleanup,leader,245.58479999999997
1677,cleanup->shutdown,leader,0.244061
1678,shutdown->finalize,leader,0.06519029999999999
1679,goodbye->exit,leader,2.0719999999999998e-05
1680,none->join,leader,0.00024909
1681,join->init,leader,2.3120000000000002e-05
1682,init->quorum,leader,0.262018
1683,quorum->run,leader,31.94
1684,run->cleanup,leader,245.3412
1685,cleanup->shutdown,leader,0.243928
1686,shutdown->finalize,leader,0.06513580000000001
1687,goodbye->exit,leader,2.629e-05
1688,none->join,leader,0.00024963
1689,join->init,leader,2.2499999999999998e-05
1690,init->quorum,leader,0.262051
1691,quorum->run,leader,6.38205
1692,run->cleanup,leader,244.06319999999997
1693,cleanup->shutdown,leader,0.242915
1694,shutdown->finalize,leader,0.0664166
1695,goodbye->exit,leader,2.166e-05
1696,none->join,leader,0.00025118
1697,join->init,leader,4.818e-05
1698,init->quorum,leader,0.260979
1699,quorum->run,leader,7.47975
1700,run->cleanup,leader,243.3546
1701,cleanup->shutdown,leader,0.244286
1702,shutdown->finalize,leader,0.06546550000000001
1703,goodbye->exit,leader,2.192e-05
1704,none->join,leader,0.00025752999999999996
1705,join->init,leader,2.576e-05
1706,init->quorum,leader,0.2678
1707,quorum->run,leader,7.59354
1708,run->cleanup,leader,238.3644
1709,cleanup->shutdown,leader,0.249253
1710,shutdown->finalize,leader,0.0663179
1711,goodbye->exit,leader,2.251e-05
1712,none->join,leader,0.00025638
1713,join->init,leader,2.3040000000000003e-05
1714,init->quorum,leader,0.26239
1715,quorum->run,leader,3.4421
1716,run->cleanup,leader,239.85060000000001
1717,cleanup->shutdown,leader,0.245064
1718,shutdown->finalize,leader,0.0663465
1719,goodbye->exit,leader,2.104e-05
1720,none->join,leader,0.00025444
1721,join->init,leader,2.452e-05
1722,init->quorum,leader,0.264344
1723,quorum->run,leader,6.33002
1724,run->cleanup,leader,241.8228
1725,cleanup->shutdown,leader,0.244676
1726,shutdown->finalize,leader,0.06745040000000001
1727,goodbye->exit,leader,2.63e-05
1728,none->join,leader,0.00029058
1729,join->init,leader,2.4789999999999998e-05
1730,init->quorum,leader,0.281735
1731,quorum->run,leader,3.56144
1732,run->cleanup,leader,237.95520000000002
1733,cleanup->shutdown,leader,0.246913
1734,shutdown->finalize,leader,0.066395
1735,goodbye->exit,leader,2.4940000000000002e-05
1736,none->join,leader,0.00027011
1737,join->init,leader,2.474e-05
1738,init->quorum,leader,0.267638
1739,quorum->run,leader,7.25058
1740,run->cleanup,leader,246.60420000000002
1741,cleanup->shutdown,leader,0.244745
1742,shutdown->finalize,leader,0.0719166
1743,goodbye->exit,leader,2.194e-05
1744,none->join,leader,0.00025557
1745,join->init,leader,2.37e-05
1746,init->quorum,leader,0.262767
1747,quorum->run,leader,11.8723
1748,run->cleanup,leader,242.44320000000002
1749,cleanup->shutdown,leader,0.244045
1750,shutdown->finalize,leader,0.0714936
1751,goodbye->exit,leader,2.16e-05
1752,none->join,leader,0.00026537
1753,join->init,leader,2.431e-05
1754,init->quorum,leader,0.266727
1755,quorum->run,leader,7.22398
1756,run->cleanup,leader,242.187
1757,cleanup->shutdown,leader,0.247416
1758,shutdown->finalize,leader,0.06810429999999999
1759,goodbye->exit,leader,2.0969999999999997e-05
